Comment,Designator,Footprint,LCSC Part #
"1u","C1","Capacitor_SMD:C_0603_1608Metric","C15849"
"47n","C2,C5","Capacitor_SMD:C_0603_1608Metric","C1622"
"100n","C3,C4,C6,C7","Capacitor_SMD:C_0603_1608Metric","C14663"
"LED","D1,D2","LED_SMD:LED_0805_2012Metric","C7371915"
"10k","R1,R4","Resistor_SMD:R_0603_1608Metric","C25804"
"R_Photo","R2,R3","Library:SMD2.4x3.6","C2904880"
"220","R5,R6","Resistor_SMD:R_0603_1608Metric","C22962"
"4030","U1","Package_SO:SOIC-14_3.9x8.7mm_P1.27mm","C458786"
"LM556","U2","Package_SO:SOIC-14_3.9x8.7mm_P1.27mm","C18164404"
